,mae,rmse,r2,loo
Exact,2.298050812143959e-11,3.064316566559268e-11,1.0,71180.21362713285
Noisy,8.08837954899942,10.162594936434541,0.6789512530700048,-15313.379333223093
Random,50.32269149971503,58.189675311373556,-0.011391615701834557,-22460.12801222324
Half_Half,31.473472492682394,43.32948632919443,0.03151685266313464,-21252.84506507912
